{"world":"Athalia","x":369.50396703827914,"y":89.0,"z":578.6999999880791,"pitch":-0.4863519,"yaw":-69.76239}