{"world":"Athalia","x":2901.9779799883536,"y":129.7259398268206,"z":657.2885069273907,"pitch":11.400006,"yaw":-307.964}