{"world":"Athalia","x":376.5037169701472,"y":69.0,"z":673.7131244705733,"pitch":16.349936,"yaw":297.71057}