{"world":"Athalia","x":357.0813964628141,"y":71.5625,"z":694.2988403232292,"pitch":16.8,"yaw":148.85022}