{"world":"Athalia_nether","x":14.475245536703543,"y":60.0,"z":-5.86024051313909,"pitch":2.9999924,"yaw":-184.9502}