{"world":"LPL","x":310.83344964058364,"y":154.0,"z":72.54938458873407,"pitch":58.799976,"yaw":-231.29997}