{"world":"Athalia","x":362.0865279029787,"y":65.0,"z":417.02217929113516,"pitch":6.750021,"yaw":-315.30408}