{"world":"Athalia","x":432.7945731639897,"y":11.0,"z":437.86089152376724,"pitch":30.000006,"yaw":-109.4574}