{"world":"Athalia","x":2873.365502230333,"y":87.0,"z":780.2155045371476,"pitch":10.049912,"yaw":-88.66684}