{"world":"Athalia","x":2855.410951937957,"y":22.0,"z":709.9979161463232,"pitch":69.74978,"yaw":89.06445}