{"world":"Athalia","x":2793.186624381837,"y":72.0,"z":757.3875665538783,"pitch":36.15005,"yaw":-81.792366}