{"world":"Athalia","x":2920.699999988079,"y":11.0,"z":728.7796174572877,"pitch":51.44994,"yaw":106.61914}