{"world":"Athalia","x":275.6428917829173,"y":96.0,"z":-971.889083105469,"pitch":52.49999,"yaw":49.94893}