{"world":"Athalia","x":381.69999998807907,"y":69.0,"z":678.4611450869066,"pitch":6.600009,"yaw":-268.30038}