{"world":"Athalia","x":388.76249998807907,"y":69.0,"z":676.2375000119209,"pitch":7.50001,"yaw":-313.90015}