{"world":"Athalia","x":-91.17333643908731,"y":80.0,"z":420.49418348783036,"pitch":9.749918,"yaw":31.049944}