{"world":"Athalia","x":2892.606205655713,"y":93.5,"z":780.3219577832458,"pitch":30.750017,"yaw":43.95003}