{"world":"Athalia","x":531.919392621189,"y":68.0,"z":801.0815182397967,"pitch":12.779322,"yaw":108.46132}