{"world":"Athalia","x":386.5996942213108,"y":72.0,"z":690.8603503235415,"pitch":23.03041,"yaw":-165.844}